CAT_SUBJECTCODE,CAT_TITLE,SUPERCAT_SUBJECTCODE,SUPERCAT_TITLE
"A12000","Science, multidisciplinary","A","Science, general"
"A13000","Applied Science, multidisciplinary","A","Science, general"
"A14000","Humanities and Social Sciences, multidisciplinary","A","Science, general"
"A11007","Science, general","A","Science, general"
"B23000","Forensic Science","B","Biomedicine"
"B18006","Neurosciences","B","Biomedicine"
"B19002","Parasitology","B","Biomedicine"
"B21007","Pharmacology/Toxicology","B","Biomedicine"
"B22003","Virology","B","Biomedicine"
"B24000","Biomedical Engineering/Biotechnology","B","Biomedicine"
"B0000X","Biomedicine general","B","Biomedicine"
"B11001","Cancer Research","B","Biomedicine"
"B12008","Human Genetics","B","Biomedicine"
"B13004","Human Physiology","B","Biomedicine"
"B14000","Immunology","B","Biomedicine"
"B15007","Laboratory Medicine","B","Biomedicine"
"B16003","Medical Microbiology","B","Biomedicine"
"B1700X","Molecular Medicine","B","Biomedicine"
"B25000","Biogerontology","B","Biomedicine"
"B12030","Gene Function","B12008","Human Genetics"
"B12040","Cytogenetics","B12008","Human Genetics"
"B12020","Gene Therapy","B12008","Human Genetics"
"B12010","Gene Expression","B12008","Human Genetics"
"B12050","Microarrays","B12008","Human Genetics"
"B14010","Antibodies","B14000","Immunology"
"B16010","Vaccine","B16003","Medical Microbiology"
"B16020","Drug Resistance","B16003","Medical Microbiology"
"B18010","Neurochemistry","B18006","Neurosciences"
"B21010","Pharmaceutical Sciences/Technology","B21007","Pharmacology/Toxicology"
"C00004","Chemistry/Food Science, general","C","Chemistry"
"C31000","Nuclear Chemistry","C","Chemistry"
"C12002","Biotechnology","C","Chemistry"
"C13009","Computer Applications in Chemistry","C","Chemistry"
"C14005","Documentation and Information in Chemistry","C","Chemistry"
"C15001","Food Science","C","Chemistry"
"C16008","Inorganic Chemistry","C","Chemistry"
"C17004","Math. Applications in Chemistry","C","Chemistry"
"C18000","Nutrition","C","Chemistry"
"C19007","Organic Chemistry","C","Chemistry"
"C21001","Physical Chemistry","C","Chemistry"
"C22008","Polymer Sciences","C","Chemistry"
"C23004","Safety in Chemistry, Dangerous Goods","C","Chemistry"
"C24000","Textile Engineering","C","Chemistry"
"C25007","Theoretical and Computational Chemistry","C","Chemistry"
"C34000","History of Chemistry","C","Chemistry"
"C27000","Process and Chemical Engineering","C","Chemistry"
"C35000","Green Chemistry","C","Chemistry"
"C28000","Medicinal Chemistry","C","Chemistry"
"C29000","Catalysis","C","Chemistry"
"C11006","Analytical Chemistry","C","Chemistry"
"C33000","Nanochemistry","C00004","Chemistry/Food Science, general"
"C11010","Mass Spectrometry","C11006","Analytical Chemistry"
"C11030","Chromatography","C11006","Analytical Chemistry"
"C11020","Spectroscopy/Spectrometry","C11006","Analytical Chemistry"
"C12040","Microengineering","C12002","Biotechnology"
"C12050","Electroporation","C12002","Biotechnology"
"C12037","Genetic Engineering","C12002","Biotechnology"
"C12029","Biochemical Engineering","C12002","Biotechnology"
"C12010","Applied Microbiology","C12002","Biotechnology"
"C19030","Carbohydrate Chemistry","C19007","Organic Chemistry"
"C19020","Organometallic Chemistry","C19007","Organic Chemistry"
"C19010","Bioorganic Chemistry","C19007","Organic Chemistry"
"C21010","Electrochemistry","C21001","Physical Chemistry"
"D00009","Dentistry","D","Dentistry"
"E00003","Philosophy","E","Philosophy"
"E38000","Pragmatism","E","Philosophy"
"E41000","Moral Philosophy","E","Philosophy"
"E42000","Philosophy of History","E","Philosophy"
"E43000","Social Philosophy","E","Philosophy"
"E44000","Philosophical Traditions","E","Philosophy"
"E45000","Postmodern Philosophy","E","Philosophy"
"E46000","Poststructuralism","E","Philosophy"
"E49000","Philosophical and Historical Foundations of Science","E","Philosophy"
"E47000","Continental Philosophy","E","Philosophy"
"E48000","Humanism","E","Philosophy"
"E11000","Aesthetics","E","Philosophy"
"E12000","Classical Philosophy","E","Philosophy"
"E13000","Epistemology","E","Philosophy"
"E14000","Ethics","E","Philosophy"
"E15000","History of Philosophy","E","Philosophy"
"E16000","Logic","E","Philosophy"
"E17000","Medieval Philosophy","E","Philosophy"
"E18000","Metaphysics","E","Philosophy"
"E19000","Modern Philosophy","E","Philosophy"
"E22000","Ontology","E","Philosophy"
"E25000","Philosophy of Education","E","Philosophy"
"E26000","Philosophy of Language","E","Philosophy"
"E27000","Philosophy of Law","E","Philosophy"
"E28000","Philosophy of Man","E","Philosophy"
"E31000","Philosophy of Mind","E","Philosophy"
"E33000","Philosophy of Religion","E","Philosophy"
"E34000","Philosophy of Science","E","Philosophy"
"E36000","Philosophy of the Social Sciences","E","Philosophy"
"E37000","Political Philosophy","E","Philosophy"
"E39000","Analytic Philosophy","E","Philosophy"
"E50000","Philosophical Methodology","E00003","Philosophy"
"F00008","Pharmacy","F","Pharmacy"
"G00002","Earth Sciences, general","G","Earth Sciences"
"G38000","Mineralogy","G","Earth Sciences"
"G39000","Paleontology","G","Earth Sciences"
"G35000","Earth System Sciences","G","Earth Sciences"
"G25005","Oceanography","G","Earth Sciences"
"G17002","Geology","G","Earth Sciences"
"G18009","Geophysics/Geodesy","G","Earth Sciences"
"G19005","Hydrogeology","G","Earth Sciences"
"G14003","Geochemistry","G","Earth Sciences"
"G32000","Natural hazards","G00002","Earth Sciences, general"
"G37000","Environmental Science and Engineering","G00002","Earth Sciences, general"
"G36000","Atmospheric Sciences","G00002","Earth Sciences, general"
"J22000","Cultural Geography","J00000","Geography"
"J13010","Remote Sensing/Photogrammetry","J13000","Geoinformation/Cartography"
"G17090","Geomorphology","G17002","Geology"
"G17010","Economic Geology","G17002","Geology"
"G17020","Historical Geology","G17002","Geology"
"G17080","Sedimentology","G17002","Geology"
"G17040","Structural Geology","G17002","Geology"
"G17060","Mineralogy","G17002","Geology"
"G17070","Paleontology","G17002","Geology"
"G17030","Quantitative Geology","G17002","Geology"
"G18010","Planetology","G18009","Geophysics/Geodesy"
"H82000","Sexual Medicine","H","Medicine"
"H83000","Medical Technical Assistant","H","Medicine"
"H71000","Phlebology","H","Medicine"
"H72000","Patient Guide","H","Medicine"
"H74000","Palliative Medicine","H","Medicine"
"H75000","Psychosomatic Medicine","H","Medicine"
"H76000","Premedical Education","H","Medicine"
"H69000","Pharmacotherapy","H","Medicine"
"H81000","Health Services Research","H","Medicine"
"H78000","Physiotherapy","H","Medicine"
"H79000","Speech Pathology","H","Medicine"
"H56002","Reproductive Medicine","H","Medicine"
"H58005","Sports Medicine","H","Medicine"
"H59001","Surgery","H","Medicine"
"H61006","Tropical Medicine","H","Medicine"
"H62002","Urology/Andrology","H","Medicine"
"H63000","Epidemiology","H","Medicine"
"H64000","History of Medicine","H","Medicine"
"H65000","Quality of Life Research","H","Medicine"
"H66000","Theory of Medicine/Bioethics","H","Medicine"
"H67000","Veterinary Medicine","H","Medicine"
"H68000","Practice Management","H","Medicine"
"H00007","Medicine, general","H","Medicine"
"H11009","Allergology","H","Medicine"
"H12005","Anatomy","H","Medicine"
"H13001","Anesthesiology","H","Medicine"
"H14008","Chiropractic Medicine","H","Medicine"
"H17007","Complementary & Alternative Medicine","H","Medicine"
"H1900X","Dermatology","H","Medicine"
"H22000","Emergency Medicine","H","Medicine"
"H73000","Emergency Services","H","Medicine"
"H23007","Forensic Medicine","H","Medicine"
"H24003","General Practice / Family Medicine","H","Medicine"
"H2500X","Geriatrics/Gerontology","H","Medicine"
"H26006","Gynecology","H","Medicine"
"H27002","Health Care Administration","H","Medicine"
"H28009","Health Informatics & Health Administration","H","Medicine"
"H29005","Imaging / Radiology","H","Medicine"
"H3100X","Intensive / Critical Care Medicine","H","Medicine"
"H33002","Internal Medicine","H","Medicine"
"H35005","Medical Biochemistry","H","Medicine"
"H36001","Neurology","H","Medicine"
"H39000","Neurosurgery","H","Medicine"
"H41005","Nursing","H","Medicine"
"H42001","Occupational Medicine/Industrial Medicine","H","Medicine"
"H43008","Oncology","H","Medicine"
"H44004","Ophthalmology","H","Medicine"
"H45000","Orthopedics","H","Medicine"
"H46007","Otorhinolaryngology","H","Medicine"
"H47003","Pain Medicine","H","Medicine"
"H4800X","Pathology","H","Medicine"
"H49006","Pediatrics","H","Medicine"
"H51000","Primary Care Medicine","H","Medicine"
"H52007","Proctology","H","Medicine"
"H53003","Psychiatry","H","Medicine"
"H5400X","Psychotherapy","H","Medicine"
"H55006","Rehabilitation","H","Medicine"
"H77000","Occupational Therapy","H","Medicine"
"H17015","Acupuncture","H17007","Complementary & Alternative Medicine"
"H17020","Traditional Chinese Medicine","H17007","Complementary & Alternative Medicine"
"H26014","Obstetrics/Perinatology","H26006","Gynecology"
"H27010","Health Promotion and Disease Prevention","H27002","Health Care Administration"
"H27030","Health Administration","H27002","Health Care Administration"
"H27040","Health Policy","H27002","Health Care Administration"
"H27025","Maternal and Child Health","H27002","Health Care Administration"
"H29071","Cardiac Imaging (new)","H29005","Imaging / Radiology"
"H29080","Radiologic Technologists","H29005","Imaging / Radiology"
"H29064","Ultrasound","H29005","Imaging / Radiology"
"H29056","Radiotherapy","H29005","Imaging / Radiology"
"H29048","Nuclear Medicine","H29005","Imaging / Radiology"
"H2903X","Neuroradiology","H29005","Imaging / Radiology"
"H29021","Interventional Radiology","H29005","Imaging / Radiology"
"H29013","Diagnostic Radiology","H29005","Imaging / Radiology"
"H33088","Hepatology","H33002","Internal Medicine"
"H33170","Rheumatology","H33002","Internal Medicine"
"H33118","Metabolic Diseases","H33002","Internal Medicine"
"H33126","Nephrology","H33002","Internal Medicine"
"H33010","Angiology","H33002","Internal Medicine"
"H33029","Blood Transfusion Medicine","H33002","Internal Medicine"
"H33037","Cardiology","H33002","Internal Medicine"
"H33045","Diabetes","H33002","Internal Medicine"
"H33053","Endocrinology","H33002","Internal Medicine"
"H3307X","Hematology","H33002","Internal Medicine"
"H33061","Gastroenterology","H33002","Internal Medicine"
"H33134","Pneumology/Respiratory System","H33002","Internal Medicine"
"H33150","Geriatrics/Gerontology ","H33002","Internal Medicine"
"H33160","Oncology ","H33002","Internal Medicine"
"H33140","Clinical Nutrition","H33002","Internal Medicine"
"H33096","Infectious Diseases","H33002","Internal Medicine"
"H41020","Geriatric Care","H41005","Nursing"
"H41013","Nursing Management/Nursing Research","H41005","Nursing"
"H41050","Nursing Ethics","H41005","Nursing"
"H41040","Nursing Education","H41005","Nursing"
"H41030","Nursing Research","H41005","Nursing"
"H41060","Learning Disabilities Nursing","H41005","Nursing"
"H45019","Conservative Orthopedics","H45000","Orthopedics"
"H45027","Surgical Orthopedics","H45000","Orthopedics"
"H46015","Head and Neck Surgery","H46007","Otorhinolaryngology"
"H53040","Child and Adolescent Psychiatry","H53003","Psychiatry"
"H53020","Forensic Psychiatry","H53003","Psychiatry"
"H53030","Geriatric Psychiatry","H53003","Psychiatry"
"H53010","Psychopharmacology","H53003","Psychiatry"
"H54030","Family, Group and Systematic Therapy","H5400X","Psychotherapy"
"H54026","Psychoanalysis","H5400X","Psychotherapy"
"H54018","Behavioral Therapy","H5400X","Psychotherapy"
"H55030","Rehabilitation Medicine","H55006","Rehabilitation"
"H59140","Hand Surgery","H59001","Surgery"
"H59150","Surgical Oncology","H59001","Surgery"
"H5901X","Abdominal Surgery","H59001","Surgery"
"H59028","Cardiac Surgery","H59001","Surgery"
"H59036","Colorectal Surgery","H59001","Surgery"
"H59044","General Surgery","H59001","Surgery"
"H59052","Minimally Invasive Surgery","H59001","Surgery"
"H59060","Oral and Maxillofacial Surgery","H59001","Surgery"
"H59079","Pediatric Surgery","H59001","Surgery"
"H59087","Plastic Surgery","H59001","Surgery"
"H59095","Thoracic Surgery","H59001","Surgery"
"H59117","Transplant Surgery","H59001","Surgery"
"H59125","Traumatic Surgery","H59001","Surgery"
"H59133","Vascular Surgery","H59001","Surgery"
"H62010","Andrology","H62002","Urology/Andrology"
"I17001","Mathematics of Computing","I","Computer Science"
"I16005","Theory of Computation","I","Computer Science"
"I15009","Data Structures, Cryptology and Information Theory","I","Computer Science"
"I14002","Software Engineering/Programming and Operating Systems","I","Computer Science"
"I23001","Computer Applications","I","Computer Science"
"I26000","e-business and e-commerce","I","Computer Science"
"I13006","Computer Systems Organization and Communication Networks","I","Computer Science"
"I22005","Computer Imaging, Vision, Pattern Recognition and Graphics","I","Computer Science"
"I18008","Information Systems and Communication Service","I","Computer Science"
"I1200X","Computer Hardware","I","Computer Science"
"I00001","Computer Science, general","I","Computer Science"
"I21000","Artificial Intelligence","I","Computer Science"
"I19000","Simulation and Modeling","I","Computer Science"
"I27000","Computer Engineering","I","Computer Science"
"I29000","Professional Computing","I","Computer Science"
"I24008","Computing Milieux","I","Computer Science"
"I25004","Media Design","I","Computer Science"
"I28000","Security","I","Computer Science"
"I12018","Control Structures and Microprogramming","I1200X","Computer Hardware"
"I12034","Memory Structures","I1200X","Computer Hardware"
"I12042","Input/Output and Data Communications","I1200X","Computer Hardware"
"I12026","Arithmetic and Logic Structures","I1200X","Computer Hardware"
"I12050","Logic Design","I1200X","Computer Hardware"
"I12069","Register-Transfer-Level Implementation","I1200X","Computer Hardware"
"I12077","Performance and Reliability","I1200X","Computer Hardware"
"I13022","Computer Communication Networks","I13006","Computer Systems Organization and Communication Networks"
"I13057","Computer System Implementation","I13006","Computer Systems Organization and Communication Networks"
"I13049","System Performance and Evaluation","I13006","Computer Systems Organization and Communication Networks"
"I13030","Special Purpose and Application-Based Systems","I13006","Computer Systems Organization and Communication Networks"
"I13014","Processor Architectures","I13006","Computer Systems Organization and Communication Networks"
"I14037","Programming Languages, Compilers, Interpreters","I14002","Software Engineering/Programming and Operating Systems"
"I14045","Operating Systems","I14002","Software Engineering/Programming and Operating Systems"
"I14010","Programming Techniques","I14002","Software Engineering/Programming and Operating Systems"
"I14029","Software Engineering","I14002","Software Engineering/Programming and Operating Systems"
"I15041","Coding and Information Theory","I15009","Data Structures, Cryptology and Information Theory"
"I15025","Data Storage Representation","I15009","Data Structures, Cryptology and Information Theory"
"I15017","Data Structures","I15009","Data Structures, Cryptology and Information Theory"
"I1603X","Logics and Meanings of Programs","I16005","Theory of Computation"
"I16013","Computation by Abstract Devices","I16005","Theory of Computation"
"I16021","Algorithm Analysis and Problem Complexity","I16005","Theory of Computation"
"I16048","Mathematical Logic and Formal Languages","I16005","Theory of Computation"
"I17052","Symbolic and Algebraic Manipulation","I17001","Mathematics of Computing"
"I17044","Math Applications in Computer Science","I17001","Mathematics of Computing"
"I17036","Probability and Statistics in Computer Science","I17001","Mathematics of Computing"
"I1701X","Numeric Computing","I17001","Mathematics of Computing"
"I17028","Discrete Mathematics in Computer Science","I17001","Mathematics of Computing"
"I18067","User Interfaces and Human Computer Interaction","I18008","Information Systems and Communication Service"
"I18059","Multimedia Information Systems","I18008","Information Systems and Communication Service"
"I18040","Information Systems Applications (incl.Internet)","I18008","Information Systems and Communication Service"
"I18032","Information Storage and Retrieval","I18008","Information Systems and Communication Service"
"I18024","Database Management","I18008","Information Systems and Communication Service"
"I18016","Models and Principles","I18008","Information Systems and Communication Service"
"I18030","Data Mining and Knowledge Discovery","I18008","Information Systems and Communication Service"
"I22040","Biometrics","I22005","Computer Imaging, Vision, Pattern Recognition and Graphics"
"I22021","Image Processing and Computer Vision","I22005","Computer Imaging, Vision, Pattern Recognition and Graphics"
"I2203X","Pattern Recognition","I22005","Computer Imaging, Vision, Pattern Recognition and Graphics"
"I22013","Computer Graphics","I22005","Computer Imaging, Vision, Pattern Recognition and Graphics"
"I23050","Computational Biology/Bioinformatics","I23001","Computer Applications"
"I23028","Computer Appl. in Social and Behavioral Sciences","I23001","Computer Applications"
"I23044","Computer-Aided Engineering (CAD, CAE) and Design","I23001","Computer Applications"
"I23036","Computer Appl. in Arts and Humanities","I23001","Computer Applications"
"I2301X","Computer Appl. in Administrative Data Processing","I23001","Computer Applications"
"I23060","Health Informatics","I23001","Computer Applications"
"I24067","Management of Computing and Information Systems","I24008","Computing Milieux"
"I24059","Legal Aspects of Computing","I24008","Computing Milieux"
"I24040","Computers and Society","I24008","Computing Milieux"
"I24032","Computers and Education","I24008","Computing Milieux"
"I24024","History of Computing","I24008","Computing Milieux"
"I24016","The Computer Industry","I24008","Computing Milieux"
"I24083","Personal Computing","I24008","Computing Milieux"
"I24075","The Computing Profession","I24008","Computing Milieux"
"K12008","Architectural History and Theory","K","Architecture"
"K13004","Building Types and Functions","K","Architecture"
"K14000","Cities, Countries, Regions","K","Architecture"
"K15007","Interior Architecture and Design","K","Architecture"
"K11001","Architects","K","Architecture"
"K0000X","Architecture, general","K","Architecture"
"K19030","Interaction Design (Interaktionsdesign)","K","Architecture"
"K19020","Industrial Design (Industriedesign)","K","Architecture"
"K19010","Graphic Design (Grafikdesign)","K","Architecture"
"K19000","Design, general (Design, allgemein)","K","Architecture"
"K16003","Landscape Architecture","K","Architecture"
"K1700X","Basics of Construction","K","Architecture"
"K18006","Urbanism","K","Architecture"
"L29000","Sport","L","Life Sciences"
"L23004","Microbiology","L","Life Sciences"
"L24000","Plant Sciences","L","Life Sciences"
"L25007","Zoology","L","Life Sciences"
"L31000","History of Biology","L","Life Sciences"
"L26000","Biological Microscopy","L","Life Sciences"
"L27000","Fungus Genetics","L","Life Sciences"
"L28000","Biological Techniques","L","Life Sciences"
"L00004","Life Sciences, general","L","Life Sciences"
"L11006","Agriculture","L","Life Sciences"
"L13009","Behavioural Sciences","L","Life Sciences"
"L14005","Biochemistry, general","L","Life Sciences"
"L15001","Bioinformatics","L","Life Sciences"
"L16008","Cell Biology","L","Life Sciences"
"L17004","Computer Appl. in Life Sciences","L","Life Sciences"
"L18000","Developmental Biology","L","Life Sciences"
"L19007","Ecology","L","Life Sciences"
"L21001","Evolutionary Biology","L","Life Sciences"
"L22008","Forestry","L","Life Sciences"
"L33000","Physiology","L00004","Life Sciences, general"
"L32000","Genetics and Genomics","L00004","Life Sciences, general"
"X12080","Medical Anthropology","X12000","Anthropology"
"X12010","Biological Anthropology","X12000","Anthropology"
"X12030","Social Anthropology","X12000","Anthropology"
"X12020","Linguistic Anthropology","X12000","Anthropology"
"X12050","Feminist Anthropology","X12000","Anthropology"
"X12060","Ethnography","X12000","Anthropology"
"X12070","Ethnology","X12000","Anthropology"
"X12040","Structural Anthropology","X12000","Anthropology"
"L14011","Nucleic Acid Chemistry","L14005","Biochemistry, general"
"L14040","Protein Science","L14005","Biochemistry, general"
"L14050","Protein Structure","L14005","Biochemistry, general"
"L14060","Protein-Ligand Interactions","L14005","Biochemistry, general"
"L14070","Enzymology","L14005","Biochemistry, general"
"L1403X","Proteomics","L14005","Biochemistry, general"
"L14090","Posttranslational Modification","L14005","Biochemistry, general"
"L14110","Receptors","L14005","Biochemistry, general"
"L14120","Cytokines and Growth Factors","L14005","Biochemistry, general"
"L14013","Animal Biochemistry","L14005","Biochemistry, general"
"L14021","Plant Biochemistry","L14005","Biochemistry, general"
"L14080","Lipidology","L14005","Biochemistry, general"
"L15010","Systems Biology","L15001","Bioinformatics"
"L15040","Combinatorial Libraries","L15001","Bioinformatics"
"L15030","Metabolomics","L15001","Bioinformatics"
"L15020","Biostatistics","L15001","Bioinformatics"
"L16090","Cardiovascular Biology","L16008","Cell Biology"
"L16080","Regenerative Medicine/Tissue Engineering","L16008","Cell Biology"
"L16010","Stem Cells","L16008","Cell Biology"
"L16020","Cell Culture","L16008","Cell Biology"
"L16070","Oxidative Stress","L16008","Cell Biology"
"L16040","Cell Physiology","L16008","Cell Biology"
"L16050","Membrane Biology","L16008","Cell Biology"
"L16060","Apoptosis","L16008","Cell Biology"
"L16030","Cell Cycle Analysis","L16008","Cell Biology"
"L18010","Embryology","L18000","Developmental Biology"
"L19150","Conservation Biology/Ecology","L19007","Ecology"
"L19160","Urban Ecology","L19007","Ecology"
"L19015","Animal Ecology","L19007","Ecology"
"L19023","Applied Ecology","L19007","Ecology"
"L19031","Biodiversity","L19007","Ecology"
"L1904X","Ecosystems","L19007","Ecology"
"L19147","Theoretical Ecology","L19007","Ecology"
"L19066","Limnology","L19007","Ecology"
"L19082","Microbial Ecology","L19007","Ecology"
"L19090","Molecular Ecology","L19007","Ecology"
"L19112","Plant Ecology","L19007","Ecology"
"L19120","Population Ecology","L19007","Ecology"
"L19139","Terrestial Ecology","L19007","Ecology"
"L19058","Landscape Ecology","L19007","Ecology"
"L22016","Forestry Management","L22008","Forestry"
"L22032","Wood Science & Technology","L22008","Forestry"
"L22024","Tree Biology","L22008","Forestry"
"L23012","Bacteriology","L23004","Microbiology"
"L23040","Food Microbiology","L23004","Microbiology"
"L23039","Microbial Genetics and Genomics","L23004","Microbiology"
"L23020","Eukaryotic Microbiology","L23004","Microbiology"
"L24019","Plant Anatomy/Development","L24000","Plant Sciences"
"L24027","Plant Genetics & Genomics","L24000","Plant Sciences"
"L24060","Plant Breeding/Biotechnology","L24000","Plant Sciences"
"L24043","Plant Physiology","L24000","Plant Sciences"
"L24051","Plant Systematics/Taxonomy/Biogeography","L24000","Plant Sciences"
"L24035","Plant Pathology","L24000","Plant Sciences"
"L25025","Transgenics","L25007","Zoology"
"L25050","Animal Models","L25007","Zoology"
"L25015","Animal Anatomy / Morphology / Histology","L25007","Zoology"
"L25023","Animal Genetics and Genomics","L25007","Zoology"
"L25031","Animal Physiology","L25007","Zoology"
"L25090","Entomology","L25007","Zoology"
"L25058","Invertebrates","L25007","Zoology"
"L25066","Neurobiology","L25007","Zoology"
"L25074","Vertebrates","L25007","Zoology"
"L25080","Fish & Wildlife Biology & Management","L25007","Zoology"
"L2504X","Animal Systematics/Taxonomy/Biogeography","L25007","Zoology"
"M36000","Mathematics of Planet Earth","M","Mathematics"
"M28000","Topology","M","Mathematics"
"M32000","Mathematics in the Humanities and Social Sciences","M","Mathematics"
"M33000","Mathematics in Music","M","Mathematics"
"M34000","Mathematics in Art and Architecture","M","Mathematics"
"M35000","Mathematical Physics","M","Mathematics"
"M29000","Discrete Mathematics","M","Mathematics"
"M00009","Mathematics, general","M","Mathematics"
"M11000","Algebra","M","Mathematics"
"M12007","Analysis","M","Mathematics"
"M13003","Applications of Mathematics","M","Mathematics"
"M1400X","Computational Mathematics and Numerical Analysis","M","Mathematics"
"M21006","Geometry","M","Mathematics"
"M23009","History of Mathematics","M","Mathematics"
"M24005","Mathematical Logic and Foundations","M","Mathematics"
"M25001","Number Theory","M","Mathematics"
"M26008","Optimization","M","Mathematics"
"M27004","Probability Theory and Stochastic Processes","M","Mathematics"
"M31000","Mathematical and Computational Biology","M","Mathematics"
"M11100","Linear Algebra","M11000","Algebra"
"M11019","Algebraic Geometry","M11000","Algebra"
"M11027","Associative Rings and Algebras","M11000","Algebra"
"M11035","Category Theory, Homological Algebra","M11000","Algebra"
"M11043","Commutative Rings and Algebras","M11000","Algebra"
"M11051","Field Theory and Polynomials","M11000","Algebra"
"M11132","Topological Groups, Lie Groups","M11000","Algebra"
"M11078","Group Theory and Generalizations","M11000","Algebra"
"M11086","K-Theory","M11000","Algebra"
"M11094","Linear and Multilinear Algebras, Matrix Theory","M11000","Algebra"
"M11116","Non-associative Rings and Algebras","M11000","Algebra"
"M11124","Order, Lattices, Ordered Algebraic Structures","M11000","Algebra"
"M1106X","General Algebraic Systems","M11000","Algebra"
"M12220","Calculus","M12007","Analysis"
"M1221X","Special Functions","M12007","Analysis"
"M12023","Approximations and Expansions","M12007","Analysis"
"M12031","Difference and Functional Equations","M12007","Analysis"
"M1204X","Dynamical Systems and Ergodic Theory","M12007","Analysis"
"M12058","Fourier Analysis","M12007","Analysis"
"M12066","Functional Analysis","M12007","Analysis"
"M12074","Functions of a Complex Variable","M12007","Analysis"
"M12082","Global Analysis and Analysis on Manifolds","M12007","Analysis"
"M12090","Integral Equations","M12007","Analysis"
"M12112","Integral Transforms, Operational Calculus","M12007","Analysis"
"M12120","Measure and Integration","M12007","Analysis"
"M12139","Operator Theory","M12007","Analysis"
"M12147","Ordinary Differential Equations","M12007","Analysis"
"M12155","Partial Differential Equations","M12007","Analysis"
"M12163","Potential Theory","M12007","Analysis"
"M12171","Real Functions","M12007","Analysis"
"M1218X","Sequences, Series, Summability","M12007","Analysis"
"M12198","Several Complex Variables and Analytic Spaces","M12007","Analysis"
"M12015","Abstract Harmonic Analysis","M12007","Analysis"
"M13070","Systems Theory, Control","M13003","Applications of Mathematics"
"M13062","Quantitative Finance","M13003","Applications of Mathematics"
"M13038","Information and Communication, Circuits","M13003","Applications of Mathematics"
"M13011","Game Theory, Economics, Social and Behav. Sciences","M13003","Applications of Mathematics"
"M13140","Financial Mathematics","M13003","Applications of Mathematics"
"M13080","Actuarial Sciences","M13003","Applications of Mathematics"
"M13120","Mathematical Applications in the Physical Sciences","M13003","Applications of Mathematics"
"M13110","Mathematical Applications in Computer Science","M13003","Applications of Mathematics"
"M13100","Mathematical Models of Cognitive Processes and Neural Networks","M13003","Applications of Mathematics"
"M13090","Complex Systems","M13003","Applications of Mathematics"
"M13130","Mathematics of Algorithmic Complexity","M13003","Applications of Mathematics"
"M14068","Mathematical Modeling and Industrial Mathematics","M1400X","Computational Mathematics and Numerical Analysis"
"M14050","Numerical Analysis","M1400X","Computational Mathematics and Numerical Analysis"
"M14042","Mathematical Software","M1400X","Computational Mathematics and Numerical Analysis"
"M14034","Visualization","M1400X","Computational Mathematics and Numerical Analysis"
"M14026","Computational Science and Engineering","M1400X","Computational Mathematics and Numerical Analysis"
"M14018","Algorithms","M1400X","Computational Mathematics and Numerical Analysis"
"M14070","Quantum Computing","M1400X","Computational Mathematics and Numerical Analysis"
"M21014","Convex and Discrete Geometry","M21006","Geometry"
"M21050","Projective Geometry","M21006","Geometry"
"M21030","Hyperbolic Geometry","M21006","Geometry"
"M21040","Polytopes","M21006","Geometry"
"M21022","Differential Geometry","M21006","Geometry"
"M24010","Structures and Proofs","M24005","Mathematical Logic and Foundations"
"M26040","Discrete Optimization","M26008","Optimization"
"M26030","Continuous Optimization","M26008","Optimization"
"M26024","Operations Research, Mathematical Programming","M26008","Optimization"
"M26016","Calculus of Variations and Optimal Control; Optimization","M26008","Optimization"
"M27010","Markov model","M27004","Probability Theory and Stochastic Processes"
"M28027","Manifolds and Cell Complexes (incl. Diff.Topology)","M28000","Topology"
"M28019","Algebraic Topology","M28000","Topology"
"P34000","Societal Aspects of Physics","P","Physics"
"P25005","Condensed Matter Physics","P","Physics"
"P24009","Atomic, Molecular, Optical and Plasma Physics","P","Physics"
"P23002","Particle and Nuclear Physics","P","Physics"
"P19005","Theoretical, Mathematical and Computational Physics","P","Physics"
"P27008","Biophysics and Biological Physics","P","Physics"
"P33020","Nonlinear Dynamics","P","Physics"
"P33010","Complex Networks","P","Physics"
"P32000","Geophysics and Environmental Physics","P","Physics"
"P31000","Applied and Technical Physics","P","Physics"
"P22006","Astronomy, Astrophysics and Cosmology","P","Physics"
"P2100X","Classical Continuum Physics","P","Physics"
"P29000","History and Philosophical Foundations of Physics","P","Physics"
"P00002","Physics, general","P","Physics"
"P33030","Socio- and Econophysics, Population and Evolutionary Models","P","Physics"
"P33000","Statistical Physics, Dynamical Systems and Complexity","P","Physics"
"P19048","Quantum Field Theories, String Theory","P19005","Theoretical, Mathematical and Computational Physics"
"P19013","Mathematical Methods in Physics","P19005","Theoretical, Mathematical and Computational Physics"
"P19021","Numerical and Computational Physics","P19005","Theoretical, Mathematical and Computational Physics"
"P19070","Classical and Quantum Gravitation, Relativity Theory","P19005","Theoretical, Mathematical and Computational Physics"
"P19080","Classical and Quantum Gravitation, Relativity Theory","P19005","Theoretical, Mathematical and Computational Physics"
"P19090","Statistical Physics and Dynamical Systems","P19005","Theoretical, Mathematical and Computational Physics"
"P21069","Acoustics","P2100X","Classical Continuum Physics"
"P21018","Mechanics","P2100X","Classical Continuum Physics"
"P21070","Optics and Electrodynamics","P2100X","Classical Continuum Physics"
"P21050","Thermodynamics","P2100X","Classical Continuum Physics"
"P21026","Fluid- and Aerodynamics","P2100X","Classical Continuum Physics"
"P22080","Theoretical Astrophysics","P22006","Astronomy, Astrophysics and Cosmology"
"P22049","Cosmology","P22006","Astronomy, Astrophysics and Cosmology"
"P22060","Planetary Sciences","P22006","Astronomy, Astrophysics and Cosmology"
"P22070","Solar and Heliospheric Physics","P22006","Astronomy, Astrophysics and Cosmology"
"P22014","Astronomy, Observations and Techniques","P22006","Astronomy, Astrophysics and Cosmology"
"P22022","Astrophysics and Astroparticles","P22006","Astronomy, Astrophysics and Cosmology"
"P22030","Extraterrestrial Physics, Space Sciences","P22006","Astronomy, Astrophysics and Cosmology"
"P22057","Astrobiology","P22006","Astronomy, Astrophysics and Cosmology"
"P23010","Nuclear Physics, Heavy Ions, Hadrons","P23002","Particle and Nuclear Physics"
"P23045","Nuclear Fusion","P23002","Particle and Nuclear Physics"
"P23037","Particle Acceleration and Detection, Beam Physics","P23002","Particle and Nuclear Physics"
"P23029","Elementary Particles, Quantum Field Theory","P23002","Particle and Nuclear Physics"
"P24040","Plasma Physics","P24009","Atomic, Molecular, Optical and Plasma Physics"
"P24017","Atomic/Molecular Structure and Spectra","P24009","Atomic, Molecular, Optical and Plasma Physics"
"P24050","Quantum Optics","P24009","Atomic, Molecular, Optical and Plasma Physics"
"P24033","Quantum Gases and Condensates","P24009","Atomic, Molecular, Optical and Plasma Physics"
"P24025","Atoms and Molecules in Strong Fields, Laser Matter Interaction","P24009","Atomic, Molecular, Optical and Plasma Physics"
"P25130","Low Temperature Physics","P25005","Condensed Matter Physics"
"P25140","Nanoscale Science and Technology","P25005","Condensed Matter Physics"
"P25150","Semiconductors","P25005","Condensed Matter Physics"
"P25160","Surface and Interface Science, Thin Films","P25005","Condensed Matter Physics"
"P25129","Magnetism, Magnetic Materials","P25005","Condensed Matter Physics"
"P25021","Soft and Granular Matter, Complex Fluids and Microfluidics","P25005","Condensed Matter Physics"
"P25056","Crystallography","P25005","Condensed Matter Physics"
"P25064","Strongly Correlated Systems, Superconductivity","P25005","Condensed Matter Physics"
"P25099","Phase Transitions and Multiphase Systems","P25005","Condensed Matter Physics"
"P25013","Solid State Physics","P25005","Condensed Matter Physics"
"P27060","Medical and Radiation Physics","P27008","Biophysics and Biological Physics"
"P27010","Single Molecule Studies, Molecular Motors","P27008","Biophysics and Biological Physics"
"P27050","Biological Networks, Systems Biology","P27008","Biophysics and Biological Physics"
"P27030","Membranes","P27008","Biophysics and Biological Physics"
"P27040","Physics of the Cell","P27008","Biophysics and Biological Physics"
"P27020","Multicellular Systems","P27008","Biophysics and Biological Physics"
"Q36000","Popular Science in Technology","Q","Popular Science"
"Q18003","Popular Science in Psychology","Q","Popular Science"
"Q38000","Popular Science in Sports","Q","Popular Science"
"Q19000","Popular Science in Chemistry and Materials","Q","Popular Science"
"Q21000","Popular Science in Philosophy","Q","Popular Science"
"Q22000","Popular Earth Science","Q","Popular Science"
"Q23000","Popular Computer Science","Q","Popular Science"
"Q24000","Popular Science in Geography","Q","Popular Science"
"Q25000","Popular Life Siences","Q","Popular Science"
"Q26000","Popular Science in Mathematics","Q","Popular Science"
"Q27000","Popular Science in Linguistics","Q","Popular Science"
"Q28000","Popular Science in Education","Q","Popular Science"
"Q29000","Popular Science in Physics","Q","Popular Science"
"Q31000","Popular Science in Law","Q","Popular Science"
"Q32000","Popular Science in Statistics","Q","Popular Science"
"Q33000","Popular Science in Humanities/Arts","Q","Popular Science"
"Q34000","Popular Science in Economics/Management","Q","Popular Science"
"Q35000","Popular Science in Energy","Q","Popular Science"
"Q39000","Popular Science in Literature","Q","Popular Science"
"Q41000","Popular Science in Political Science and International Relations","Q","Popular Science"
"Q42000","Popular Science in Business and Management","Q","Popular Science"
"Q43000","Popular Science in Finance","Q","Popular Science"
"Q00007","Popular Science, general","Q","Popular Science"
"Q11009","Popular Science in Astronomy","Q","Popular Science"
"Q14008","Popular Science in Medicine and Health","Q","Popular Science"
"Q16000","Popular Science in Nature and Environment","Q","Popular Science"
"Q37000","Popular Social Sciences","Q","Popular Science"
"R21000","International Sports Law","R","Law"
"R22000","Dispute Resolution, Mediation, Arbitration","R","Law"
"R14002","Private International Law, International & Foreign Law, Comparative Law","R","Law"
"R15009","Media Law","R","Law"
"R13006","Criminal Law","R","Law"
"R17001","Public Law","R","Law"
"R00001","Law, general","R","Law"
"R11003","Fundamentals of Law","R","Law"
"R1200X","Civil Law","R","Law"
"R16005","Medical Law","R","Law"
"R19000","Public International Law","R00001","Law, general"
"R20000","European Law","R00001","Law, general"
"R11011","Theories of Law, Philosophy of Law, Legal History","R11003","Fundamentals of Law"
"R12040","Property and Land Law","R1200X","Civil Law"
"R12050","Family Law","R1200X","Civil Law"
"R12060","Tort Law","R1200X","Civil Law"
"R12070","Contract Law","R1200X","Civil Law"
"R12034","Civil Procedure Law","R1200X","Civil Law"
"R12090","Equity and Trust","R1200X","Civil Law"
"R12018","Labour Law/Social Law","R1200X","Civil Law"
"R12026","Commercial Law","R1200X","Civil Law"
"R12080","Company Law","R1200X","Civil Law"
"R17044","Financial Law/Fiscal Law","R17001","Public Law"
"R17036","Administrative Law","R17001","Public Law"
"R17028","Constitutional Law","R17001","Public Law"
"R19070","International Environmental Law","R19000","Public International Law"
"R19060","Law of the Sea, Air and Outer Space","R19000","Public International Law"
"R19010","Sources and Subjects of International Law, International Organizations","R19000","Public International Law"
"R19040","International Criminal Law","R19000","Public International Law"
"R19030","International Humanitarian Law, Law of Armed Conflict","R19000","Public International Law"
"R19020","Human Rights","R19000","Public International Law"
"R19050","International Economic Law, Trade Law","R19000","Public International Law"
"S12008","Statistics and Computing/Statistics Programs","S","Statistics"
"S16003","Statistics for Social Science, Education, Public Policy, and Law","S","Statistics"
"S15007","Statistics for Life Sciences, Medicine, Health Sciences","S","Statistics"
"S13004","Statistics for Business/Economics/Mathematical Finance/Insurance","S","Statistics"
"S11001","Statistical Theory and Methods","S","Statistics"
"S14000","Statistics for Engineering, Physics, Computer Science, Chemistry & Geosciences","S","Statistics"
"S0000X","Statistics, general","S","Statistics"
"S18000","Bayesian Probability","S0000X","Statistics, general"
"S17000","Applied Statistics","S0000X","Statistics, general"
"T28000","Materials Engineering","T","Engineering"
"T29000","History of Technology","T","Engineering"
"T13009","Job Career in Science and Engineering","T","Engineering"
"T24000","Electrical Engineering","T","Engineering"
"T2700X","Biomedical Engineering","T","Engineering"
"T23004","Civil Engineering","T","Engineering"
"T22008","Industrial and Production Engineering","T","Engineering"
"T17004","Mechanical Engineering","T","Engineering"
"T15001","Theoretical and Applied Mechanics","T","Engineering"
"T11006","Appl.Mathematics/Computational Methods of Engineering","T","Engineering"
"T00004","Engineering, general","T","Engineering"
"T30000","Mechanical Statics and Structures","T00004","Engineering, general"
"T16000","Engineering Acoustics","T00004","Engineering, general"
"T19000","Control , Robotics, Mechatronics","T00004","Engineering, general"
"T14000","Engineering Thermodynamics, Heat and Mass Transfer","T00004","Engineering, general"
"T18000","Nanotechnology and Microengineering","T00004","Engineering, general"
"T11014","Computational Intelligence","T11006","Appl.Mathematics/Computational Methods of Engineering"
"T11022","Complexity","T11006","Appl.Mathematics/Computational Methods of Engineering"
"T11040","Data Engineering","T11006","Appl.Mathematics/Computational Methods of Engineering"
"T11030","Engineering Mathematics","T11006","Appl.Mathematics/Computational Methods of Engineering"
"T15044","Engineering Fluid Dynamics","T15001","Theoretical and Applied Mechanics"
"T15036","Vibration, Dynamical Systems, Control","T15001","Theoretical and Applied Mechanics"
"T15010","Solid Mechanics","T15001","Theoretical and Applied Mechanics"
"T17050","Aerospace Technology and Astronautics","T17004","Mechanical Engineering"
"T17048","Engine Technology","T17004","Mechanical Engineering"
"T17047","Automotive Engineering","T17004","Mechanical Engineering"
"T17039","Machinery and Machine Elements","T17004","Mechanical Engineering"
"T17020","Engineering Design","T17004","Mechanical Engineering"
"T22032","Quality Control, Reliability, Safety and Risk","T22008","Industrial and Production Engineering"
"T22050","Manufacturing, Machines, Tools, Processes","T22008","Industrial and Production Engineering"
"T22016","Engineering Economics, Organization, Logistics, Marketing","T22008","Industrial and Production Engineering"
"T19030","Mechatronics","T19000","Control , Robotics, Mechatronics"
"T19020","Robotics and Automation","T19000","Control , Robotics, Mechatronics"
"T19010","Control","T19000","Control , Robotics, Mechatronics"
"T23063","Facility Management","T23004","Civil Engineering"
"T23070","Offshore Engineering","T23004","Civil Engineering"
"T23120","Transportation Technology and Traffic Engineering","T23004","Civil Engineering"
"T23130","Fire Science, Hazard Control, Building Safety","T23004","Civil Engineering"
"T23080","Building Physics, HVAC","T23004","Civil Engineering"
"T23090","Solid Construction","T23004","Civil Engineering"
"T23100","Light Construction, Steel Construction, Timber Construction","T23004","Civil Engineering"
"T23110","Building Law","T23004","Civil Engineering"
"T23140","Surveying","T23004","Civil Engineering"
"T23012","Building Construction, HVAC, Refrigeration","T23004","Civil Engineering"
"T23020","Geoengineering, Foundations, Hydraulics","T23004","Civil Engineering"
"T23039","Facility Management, Economics","T23004","Civil Engineering"
"T23047","Building Materials","T23004","Civil Engineering"
"T23055","Building Repair and Maintenance","T23004","Civil Engineering"
"T24080","Cyber-physical systems, IoT","T24000","Electrical Engineering"
"T24068","Circuits and Systems","T24000","Electrical Engineering"
"T24100","Wireless and Mobile Communication","T24000","Electrical Engineering"
"T24070","Power Electronics, Electrical Machines and Networks","T24000","Electrical Engineering"
"T24027","Electronics and Microelectronics, Instrumentation","T24000","Electrical Engineering"
"T24035","Communications Engineering, Networks","T24000","Electrical Engineering"
"T24051","Signal,Image and Speech Processing","T24000","Electrical Engineering"
"T24019","Microwaves, RF and Optical Engineering","T24000","Electrical Engineering"
"U33000","Environmental Biotechnology","U","Environment"
"U31001","Waste Management/Waste Technology","U","Environment"
"U34000","Sustainable Development","U","Environment"
"U35000","Pollution, general","U","Environment"
"U36000","Marine & Freshwater Sciences","U","Environment"
"U37000","Environmental Philosophy","U","Environment"
"U38000","Environmental Politics","U","Environment"
"U39000","Natural Resources","U","Environment"
"U00009","Environment, general","U","Environment"
"U12007","Climate Change","U","Environment"
"U13003","Effects of Radiation/Radiation Protection","U","Environment"
"U1400X","Environmental Computing/Environmental Modelling","U","Environment"
"U16002","Environmental Law","U","Environment"
"U17009","Environmental Management","U","Environment"
"U18005","Environmental Medicine/Environmental Psychology","U","Environment"
"U19001","Environmental Physics","U","Environment"
"U21006","Geoecology/Natural Processes","U","Environment"
"U24005","Math. Appl. in Environmental Science","U","Environment"
"U25001","Monitoring/Environmental Analysis/Environmental Ecotoxicology","U","Environment"
"U26008","Nature Conservation","U","Environment"
"U27004","Noise Control","U","Environment"
"U28000","Soil Science & Conservation","U","Environment"
"U15000","Environmental Chemistry","U","Environment"
"W48010","Natural Resource Economics","W48000","Environmental Economics"
"U21010","Paleoecology","U21006","Geoecology/Natural Processes"
"J15010","Urban Geography/Urbanism","J15000","Landscape/Regional and Municipal Planning"
"W37000","Labor Economics","W","Economics"
"W33000","International Economics","W","Economics"
"W31000","Microeconomics","W","Economics"
"W38000","Population Economics","W","Economics"
"W34000","Public Economics","W","Economics"
"W43000","R &amp; D/Technology Policy","W","Economics"
"W49000","Regional/Spatial Science","W","Economics"
"W28000","Methodology/History of Economic Thought","W","Economics"
"W47000","Agricultural Economics","W","Economics"
"W39000","Law and Economics","W","Economics"
"W52000","Sports Economics","W","Economics"
"W51000","Cultural Economics","W","Economics"
"W36000","Education Economics","W","Economics"
"W41000","Economic History","W","Economics"
"W45000","Economy-wide Country Studies","W","Economics"
"W53000","Heterodox Economics","W","Economics"
"W54000","Behavioral/Experimental Economics","W","Economics"
"W55000","Maritime Economics","W","Economics"
"W35000","Health Economics","W","Economics"
"W48000","Environmental Economics","W","Economics"
"W00000","Economics, general","W","Economics"
"W12006","Economics general","W","Economics"
"W42000","Development Economics","W","Economics"
"W44000","Economic Growth","W","Economics"
"W46000","Economic Systems","W","Economics"
"W29000","Theory/Quantitative Economics/Mathematical Methods","W","Economics"
"W32000","Macroeconomics/Monetary Economics/Financial Economics","W","Economics"
"W12257","Financial Economics","W12006","Economics general"
"W12248","Game Theory/Mathematical Methods","W12006","Economics general"
"W29030","Behavioral/Experimental Economics","W29000","Theory/Quantitative Economics/Mathematical Methods"
"W29010","Econometrics","W29000","Theory/Quantitative Economics/Mathematical Methods"
"W29020","Game Theory","W29000","Theory/Quantitative Economics/Mathematical Methods"
"W33010","European Integration","W33000","International Economics"
"W31010","Industrial Organization","W31000","Microeconomics"
"W31020","Social Choice/Welfare Economics/Public Choice","W31000","Microeconomics"
"W34010","Economic Policy","W34000","Public Economics"
"W34020","Social Policy","W34000","Public Economics"
"W34030","Public Administration","W34000","Public Economics"
"W49020","Irish Economics","W49000","Regional/Spatial Science"
"W49010","Urban Economics ","W49000","Regional/Spatial Science"
"W23040","Management/Business for Professionals","500000","Business and Management, general"
"511010","Business Taxation/Tax Law","511000","Accounting/Auditing"
"511020","Corporate Governance","511000","Accounting/Auditing"
"513060","Consumer Behavior","513000","Marketing"
"513010","Online Marketing/Social Media","513000","Marketing"
"513050","Customer Relationship Management","513000","Marketing"
"513020","Media Management","513000","Marketing"
"513040","Corporate Communication/Public Relations","513000","Marketing"
"513030","Market Research/Competitive Intelligence","513000","Marketing"
"513070","Branding","513000","Marketing"
"517060","Diversity Management/Women in Business","517000","Human Resource Management"
"517010","Human Resource Development","517000","Human Resource Management"
"517030","Coaching","517000","Human Resource Management"
"517020","Careers in Business and Mangagement","517000","Human Resource Management"
"517050","Employee Health and Wellbeing","517000","Human Resource Management"
"517040","Management Education","517000","Human Resource Management"
"522060","e-Business/e-Commerce","522000","IT in Business"
"522050","Software Management","522000","IT in Business"
"522040","Business IT Infrastructure","522000","IT in Business"
"522070","Big Data/Analytics","522000","IT in Business"
"522010","Enterprise Architecture","522000","IT in Business"
"522030","Business Information Systems","522000","IT in Business"
"522020","Business Process Management","522000","IT in Business"
"X38000","Development Studies","X00000","Social Sciences"
"911250","Politics and Religion","911000","Political Science"
"911240","Legislative and Executive Politics","911000","Political Science"
"911230","Political Leadership","911000","Political Science"
"911220","Governance and Government","911000","Political Science"
"911210","French Politics","911000","Political Science"
"911270","Urban Politics","911000","Political Science"
"911030","Political Communication","911000","Political Science"
"911040","Comparative Politics","911000","Political Science"
"911020","Political Economy","911000","Political Science"
"911010","Political Theory","911000","Political Science"
"911190","German Politics","911000","Political Science"
"911180","US Politics","911000","Political Science"
"911170","Russian and Post-Soviet Politics","911000","Political Science"
"911260","Politics and Gender","911000","Political Science"
"911150","Latin American Politics","911000","Political Science"
"911140","European Union Politics","911000","Political Science"
"911130","European Politics","911000","Political Science"
"911120","British Politics","911000","Political Science"
"911110","Asian Politics","911000","Political Science"
"911090","African Politics","911000","Political Science"
"911080","Political History","911000","Political Science"
"911070","Electoral Politics","911000","Political Science"
"911050","Democracy","911000","Political Science"
"911060","Public Policy","911000","Political Science"
"911160","Middle Eastern Politics","911000","Political Science"
"X22045","Area Studies","X22000","Sociology, general"
"X22130","Historical Sociology","X22000","Sociology, general"
"X22140","Social Theory","X22000","Sociology, general"
"X22150","Medical Sociology","X22000","Sociology, general"
"X22160","Environmental Sociology","X22000","Sociology, general"
"X22170","Political Sociology","X22000","Sociology, general"
"X22180","Ethnicity Studies","X22000","Sociology, general"
"X22190","Research Methodology","X22000","Sociology, general"
"X22210","Sociology of Religion","X22000","Sociology, general"
"X22220","Sociology of Sport and Leisure","X22000","Sociology, general"
"X22230","Sociology of the Body","X22000","Sociology, general"
"X22240","Sociology of Work","X22000","Sociology, general"
"X22250","Urban Studies/Sociology","X22000","Sociology, general"
"X22260","Sociology of Racism","X22000","Sociology, general"
"X22270","Science and Technology Studies","X22000","Sociology, general"
"X22280","Disability Studies","X22000","Sociology, general"
"X22290","Sociology of Citizenship","X22000","Sociology, general"
"X22300","Ethics and Values in Social Work","X22000","Sociology, general"
"X22310","Life course","X22000","Sociology, general"
"X22010","Social Structure, Social Inequality","X22000","Sociology, general"
"X22020","Organizational Studies, Economic Sociology","X22000","Sociology, general"
"X22040","Cultural Studies","X22000","Sociology, general"
"X22050","Cultural Management","X22000","Sociology, general"
"X29000","Media Research","X22000","Sociology, general"
"X22060","Sociological Theory","X22000","Sociology, general"
"X22070","Sociology of Educationm","X22000","Sociology, general"
"X22080","Sociology of Familiy, Youth and Aging","X22000","Sociology, general"
"X22090","Childhood, Adolescence and Society","X22000","Sociology, general"
"X22100","Sociology of Culture","X22000","Sociology, general"
"X22110","Media Sociology","X22000","Sociology, general"
"X22120","Knowledge - Discourse","X22000","Sociology, general"
"Y46000","Religion and Psychology","Y","Psychology"
"Y43000","Psychometrics","Y","Psychology"
"Y34000","Law and Psychology","Y","Psychology"
"Y28000","History of Psychology","Y","Psychology"
"Y45000","Sport Psychology","Y","Psychology"
"Y18003","Pedagogic Psychology","Y","Psychology"
"Y12005","Clinical Psychology","Y","Psychology"
"Y00007","Psychology, general","Y","Psychology"
"Y44000","Positive Psychology","Y","Psychology"
"Y20000","Psychology Research","Y00007","Psychology, general"
"Y47000","Behavioral Genetics","Y00007","Psychology, general"
"Y12030","Neuropsychology","Y12005","Clinical Psychology"
"Y12060","Counselling and Interpersonal Skills","Y12005","Clinical Psychology"
"Y12010","Psychotherapy and Counseling","Y12005","Clinical Psychology"
"Y12080","Integrative and pluralistic approach","Y12005","Clinical Psychology"
"Y12070","Existential approach","Y12005","Clinical Psychology"
"Y12040","Child and School Psychology","Y12005","Clinical Psychology"
"Y12050","Infancy and Early Childhood Development","Y12005","Clinical Psychology"
"Y12020","Health Psychology","Y12005","Clinical Psychology"
"V20000","Humanities, general","V","Design"
"V23000","Interdisciplinary Studies","V","Design"
"E11010","Philosophy of Music","E11000","Aesthetics"
"E14030","Engineering Ethics","E14000","Ethics"
"E14020","Agricultural Ethics","E14000","Ethics"
"E14010","Bioethics","E14000","Ethics"
"E14040","Research Ethics","E14000","Ethics"
"E14050","Business Ethics","E14000","Ethics"
"E34020","Philosophy of Mathematics","E34000","Philosophy of Science"
"E34010","Philosophy of Biology","E34000","Philosophy of Science"
"E34050","Philosophy of Technology","E34000","Philosophy of Science"
"E34040","Philosophy of Nature","E34000","Philosophy of Science"
"E34030","Philosophy of Medicine","E34000","Philosophy of Science"
"H67010","Animal Welfare/Animal Ethics","H67000","Veterinary Medicine"
"H67020","Veterinary Microbiology, Parasitology and Infectious Diseases","H67000","Veterinary Medicine"
"W28020","Heterodox Economics","W28000","Methodology/History of Economic Thought"
"514030","Start-Ups/Venture Capital","514000","Entrepreneurship"
"514020","Family Business","514000","Entrepreneurship"
"514010","Small Business","514000","Entrepreneurship"
"O13000","International and Comparative Education","O","Education"
"O15000","Curriculum Studies","O","Education"
"O17000","Administration, Organization and Leadership","O","Education"
"O19000","Educational Policy and Politics","O","Education"
"O21000","Educational Technology","O","Education"
"O22000","Learning & Instruction","O","Education"
"O00000","Education (general)","O","Education"
"O11000","Arts Education","O","Education"
"O36000","Higher Education","O","Education"
"O37000","Childhood Education","O","Education"
"O38000","Educational Philosophy","O","Education"
"O43000","Engineering/Technology Education","O","Education"
"O23000","Language Education","O","Education"
"O25000","Mathematics Education","O","Education"
"O26000","Medical Education","O","Education"
"O27000","Science Education","O","Education"
"O29000","Sociology of Education","O","Education"
"O31000","Teaching and Teacher Education","O","Education"
"O33000","Assesment, Testing & Evaluation","O","Education"
"O35000","Professional & Vocational Education","O","Education"
"O48000","Environmental and Sustainability Education","O","Education"
"O49000","Ethnicity in Education","O","Education"
"O51000","Alternative Education","O","Education"
"O52000","Schools and Schooling","O","Education"
"O53000","Skills","O","Education"
"O54000","Research Methods in Education","O","Education"
"O44000","History of Education","O","Education"
"O45000","Gender and Education","O","Education"
"O46000","Language Teaching","O","Education"
"O47000","Technology and Digital Education","O","Education"
"O42000","Lifelong Learning/Adult Education","O00000","Education (general)"
"O40000","Literacy","O00000","Education (general)"
"O41000","Religion and Education","O00000","Education (general)"
"O39000","Educational Psychology","O00000","Education (general)"
"J19000","World Regional Geography","J","Geography"
"J16000","Physical Geography","J","Geography"
"J13000","Geoinformation/Cartography","J","Geography"
"J00000","Geography","J","Geography"
"J21000","Medical Geography","J","Geography"
"J12000","Economic Geography","J","Geography"
"J15000","Landscape/Regional and Municipal Planning","J","Geography"
"J16020","Polar Geography","J16000","Physical Geography"
"J16010","Geomorphology","J16000","Physical Geography"
"411210","Culture and Gender","411000","Regional and Cultural Studies"
"411180","Culture and Technology","411000","Regional and Cultural Studies"
"411170","Popular Culture","411000","Regional and Cultural Studies"
"411160","Global/International Culture","411000","Regional and Cultural Studies"
"411150","Australasian Culture","411000","Regional and Cultural Studies"
"411250","Comics Studies","411000","Regional and Cultural Studies"
"411240","Celebrity Studies","411000","Regional and Cultural Studies"
"411230","Comedy Studies","411000","Regional and Cultural Studies"
"411140","Youth Culture","411000","Regional and Cultural Studies"
"411220","Gothic Studies","411000","Regional and Cultural Studies"
"411130","Cultural Theory","411000","Regional and Cultural Studies"
"411010","American Culture","411000","Regional and Cultural Studies"
"411020","African American Culture","411000","Regional and Cultural Studies"
"411030","African Culture","411000","Regional and Cultural Studies"
"411040","Asian Culture","411000","Regional and Cultural Studies"
"411050","British Culture","411000","Regional and Cultural Studies"
"411060","Cultural Anthropology","411000","Regional and Cultural Studies"
"411070","European Culture","411000","Regional and Cultural Studies"
"411080","Latin American Culture","411000","Regional and Cultural Studies"
"411090","Latino Culture","411000","Regional and Cultural Studies"
"411110","Middle Eastern Culture","411000","Regional and Cultural Studies"
"411120","Cultural Policy","411000","Regional and Cultural Studies"
"416020","Experimental Film","416000","Arts"
"416010","Fine Arts","416000","Arts"
"N63000","Slang and Jargon","N","Linguistics"
"N64000","Language Policy and Planning","N","Linguistics"
"N65000","Bilingualism","N","Linguistics"
"N66000","Language and Gender","N","Linguistics"
"N67000","Minority Languages","N","Linguistics"
"N68000","Intercultural Communication","N","Linguistics"
"N00000","Linguistics, general","N","Linguistics"
"N11000","African Languages","N","Linguistics"
"N12000","Ameri-Indian Languages","N","Linguistics"
"N13000","Applied Linguistics","N","Linguistics"
"N14000","Arabic","N","Linguistics"
"N15000","Asian Languages","N","Linguistics"
"N16000","Austronesian Languages","N","Linguistics"
"N17000","Celtic","N","Linguistics"
"N18000","Chinese","N","Linguistics"
"N19000","Comparative Linguistics","N","Linguistics"
"N22000","Computational Linguistics","N","Linguistics"
"N23000","Germanic Languages","N","Linguistics"
"N24000","Grammar","N","Linguistics"
"N25000","Greek","N","Linguistics"
"N26000","Historical Linguistics","N","Linguistics"
"N27000","Indo-Iranian Languages","N","Linguistics"
"N28000","Japanese","N","Linguistics"
"N29000","Language and Literature","N","Linguistics"
"N32000","Oriental Languages","N","Linguistics"
"N33000","Philology","N","Linguistics"
"N34000","Phonology","N","Linguistics"
"N35000","Psycholinguistics","N","Linguistics"
"N36000","Romance Languages","N","Linguistics"
"N37000","Russian","N","Linguistics"
"N38000","Scandinavian","N","Linguistics"
"N39000","Semantics","N","Linguistics"
"N41000","Semitic Languages","N","Linguistics"
"N42000","Sign Language","N","Linguistics"
"N43000","Slavic and Baltic Languages","N","Linguistics"
"N44000","Sociolinguistics","N","Linguistics"
"N45000","Syntax","N","Linguistics"
"N46000","Theoretical Linguistics","N","Linguistics"
"N47000","Translation","N","Linguistics"
"N48000","Uralic-Altaic Languages","N","Linguistics"
"N49000","English","N","Linguistics"
"N51000","Discourse Analysis","N","Linguistics"
"N52000","Lexicology/Vocabulary","N","Linguistics"
"N53000","Semiotics","N","Linguistics"
"N54000","Pragmatics","N","Linguistics"
"N55000","Multilingualism","N","Linguistics"
"N56000","Stylistics","N","Linguistics"
"N57000","Morphology","N","Linguistics"
"N58000","Cognitive Linguistics","N","Linguistics"
"N59000","Corpus Linguistics","N","Linguistics"
"N61000","Language History","N","Linguistics"
"N62000","Language Change","N","Linguistics"
"N70000","Research Methods in Language and Linguistics","N00000","Linguistics, general"
"N13010","Language Education","N13000","Applied Linguistics"
"N13020","Language Acquisition and Development","N13000","Applied Linguistics"
"N23010","German","N23000","Germanic Languages"
"N36010","Italian","N36000","Romance Languages"
"N36020","French","N36000","Romance Languages"
"N47010","Interpreting","N47000","Translation"
"X26000","Human Geography","X","SOCIAL SCIENCES"
"X33000","Social Policy","X","SOCIAL SCIENCES"
"X11000","Aging","X","SOCIAL SCIENCES"
"X13000","Archaeology","X","SOCIAL SCIENCES"
"X15000","Criminology & Criminal  Justice","X","SOCIAL SCIENCES"
"X00000","Social Sciences","X","SOCIAL SCIENCES"
"X22000","Sociology, general","X","SOCIAL SCIENCES"
"X17000","Methodology of the Social Sciences","X","SOCIAL SCIENCES"
"X21000","Social Work","X","SOCIAL SCIENCES"
"X25000","Demography","X","SOCIAL SCIENCES"
"X32000","Development Studies","X","SOCIAL SCIENCES"
"X37000","Diaspora","X","SOCIAL SCIENCES"
"X36000","Environment Studies","X","SOCIAL SCIENCES"
"X35000","Gender Studies","X","SOCIAL SCIENCES"
"X34000","Computational Social Sciences","X","SOCIAL SCIENCES"
"X28000","Communication Studies","X","SOCIAL SCIENCES"
"X31000","Child Well-being","X","SOCIAL SCIENCES"
"X12000","Anthropology","X","SOCIAL SCIENCES"
"X27000","Earth System Sciences/Management","X","SOCIAL SCIENCES"
"X24000","Migration","X","SOCIAL SCIENCES"
"X23000","Quality of Life Research","X","SOCIAL SCIENCES"
"X15070","Cybercrime","X15000","Criminology & Criminal  Justice"
"X15080","Organized Crime","X15000","Criminology & Criminal  Justice"
"X15010","Critical Criminology","X15000","Criminology & Criminal  Justice"
"X15050","Youth Offending and Juvenile Justice","X15000","Criminology & Criminal  Justice"
"Z15000","Tribology, Corrosion and Coatings","Z00000","Materials Science, general"
"Z14000","Nanotechnology","Z00000","Materials Science, general"
"Z13000","Biomaterials","Z00000","Materials Science, general"
"Z12000","Optical and Electronic Materials","Z00000","Materials Science, general"
"Z16000","Metallic Materials","Z00000","Materials Science, general"
"Z11000","Structural Materials","Z00000","Materials Science, general"
"Z18000","Ceramics, Glass, Composites, Natural Materials","Z00000","Materials Science, general"
"Z19000","Surfaces and Interfaces, Thin Films","Z00000","Materials Science, general"
"Z17000","Characterization and Evaluation of Materials","Z00000","Materials Science, general"
"L28020","Electrophoresis","L28000","Biological Techniques"
"U35020","Industrial Pollution Prevention","U35000","Pollution, general"
"U35040","Waste Water Technology / Water Pollution Control / Water Management / Aquatic Pollution","U35000","Pollution, general"
"U35010","Atmospheric Protection/Air Quality Control/Air Pollution","U35000","Pollution, general"
"U35030","Terrestrial Pollution","U35000","Pollution, general"
"O42010","Personal Development","O42000","Lifelong Learning/Adult Education"
"Y20110","General Psychology","Y20000","Psychology Research"
"Y20030","Industrial and organisational psychology","Y20000","Psychology Research"
"Y20040","Psychological Methods/Evaluation","Y20000","Psychology Research"
"Y20050","Personality and Social Psychology","Y20000","Psychology Research"
"Y20060","Cognitive Psychology","Y20000","Psychology Research"
"Y20070","Community & Environmental Psychology","Y20000","Psychology Research"
"Y20100","Cross Cultural Psychology","Y20000","Psychology Research"
"Y20080","Sexual Behavior","Y20000","Psychology Research"
"Y20090","Gender Studies","Y20000","Psychology Research"
"Y20020","Biological Psychology","Y20000","Psychology Research"
"Y20010","Developmental Psychology","Y20000","Psychology Research"
"Y20230","Economic Psychology","Y20000","Psychology Research"
"Y20130","Forensic Psychology","Y20000","Psychology Research"
"Y20140","Emotion","Y20000","Psychology Research"
"Y20150","Self and Identity","Y20000","Psychology Research"
"Y20160","Psychopathology","Y20000","Psychology Research"
"Y20170","Critical Psychology","Y20000","Psychology Research"
"Y20180","Comparative Psychology","Y20000","Psychology Research"
"Y20190","Experimental Psychology","Y20000","Psychology Research"
"Y20120","Consulting - Supervision - Coaching","Y20000","Psychology Research"
"Y20210","Applied Psychology","Y20000","Psychology Research"
"Y20220","Psychosocial Studies","Y20000","Psychology Research"
"Z21000","Energy Materials","Z","Materials Science"
"Z00000","Materials Science, general","Z","Materials Science"
"P31040","Measurement Science and Instrumentation","P31000","Applied and Technical Physics"
"P31030","Laser Technology, Photonics","P31000","Applied and Technical Physics"
"P31060","Classical and Quantum Gravitation, Relativity Theory","P31000","Applied and Technical Physics"
"P31090","Spectroscopy and Microscopy","P31000","Applied and Technical Physics"
"P31050","Medical and Radiation Physics","P31000","Applied and Technical Physics"
"P31070","Quantum Information Technology, Spintronics","P31000","Applied and Technical Physics"
"P31080","Security Science and Technology","P31000","Applied and Technical Physics"
"P31010","Electronic Circuits and Devices","P31000","Applied and Technical Physics"
"G35020","Coastal Sciences","G35000","Earth System Sciences"
"G35010","Biogeosciences","G35000","Earth System Sciences"
"111000","Renewable and Green Energy","1","Energy"
"112000","Energy Policy, Economics and Management","1","Energy"
"113000","Nuclear Energy","1","Energy"
"114000","Fossil Fuels (incl. Carbon Capture)","1","Energy"
"116000","Energy Storage","1","Energy"
"117000","Energy Harvesting","1","Energy"
"118000","Energy Efficiency (incl. Buildings)","1","Energy"
"119000","Transportation","1","Energy"
"122000","Sustainable Architecture/Green Buildings","1","Energy"
"100000","Energy, general","1","Energy"
"121000","Energy Security","1","Energy"
"115000","Energy Systems","1","Energy"
"524010","Call Center/Customer Service","524000","Sales/Distribution"
"X28010","Journalism","X28000","Communication Studies"
"M31010","Genetics and Population Dynamics","M31000","Mathematical and Computational Biology"
"M31020","Physiological, Cellular and Medical Topics","M31000","Mathematical and Computational Biology"
"M29010","Combinatorics","M29000","Discrete Mathematics"
"M29020","Graph Theory","M29000","Discrete Mathematics"
"G37010","Geotechnical Engineering & Applied Earth Sciences","G37000","Environmental Science and Engineering"
"R20020","European Economic Law","R20000","European Law"
"R20010","European Fundamental Rights and Freedoms","R20000","European Law"
"R20030","European Criminal Law","R20000","European Law"
"912050","Regionalism","912000","International Relations"
"912060","Conflict Studies","912000","International Relations"
"912070","Peace Studies","912000","International Relations"
"912080","Military and Defence Studies","912000","International Relations"
"912090","Terrorism and Political Violence","912000","International Relations"
"912110","International Relations Theory","912000","International Relations"
"912120","International Security Studies","912000","International Relations"
"912130","Citizenship","912000","International Relations"
"912040","Foreign Policy","912000","International Relations"
"912030","Globalization","912000","International Relations"
"912020","Diplomacy","912000","International Relations"
"912140","International Political Economy","912000","International Relations"
"912010","International Organization","912000","International Relations"
"H69020","Pharmacoeconomics and Health Outcomes","H69000","Pharmacotherapy"
"H69010","Drug Safety and Pharmacovigilance","H69000","Pharmacotherapy"
"200000","Water, general","2","Water"
"211000","Hydrology/Water Resources","2","Water"
"212000","Water Quality/Water Pollution","2","Water"
"213000","Water and Health","2","Water"
"214000","Water Industry/Water Technologies","2","Water"
"215000","Water Policy/Water Governance/Water Management","2","Water"
"300000","Climate, general","3","Climate"
"311000","Climatology","3","Climate"
"314000","Climate Change Management and Policy","3","Climate"
"313000","Climate Change Impacts","3","Climate"
"312000","Meteorology","3","Climate"
"J19010","Environmental Geography","J19000","World Regional Geography"
"L29020","Biomechanics","L29000","Sport"
"L29010","Sport Science","L29000","Sport"
"L29030","Sport Education and Didactics","L29000","Sport"
"Q33010","Popular Science in Cultural and Media Studies","Q33000","Popular Science in Humanities/Arts"
"Q33020","Popular Science in Religious Studies","Q33000","Popular Science in Humanities/Arts"
"Q33030","Popular Science in History","Q33000","Popular Science in Humanities/Arts"
"W51010","Gender and Economics","W51000","Cultural Economics"
"525010","Emerging Markets/Globalization","525000","International Business"
"525040","Cross-Cultural Management","525000","International Business"
"525020","Asian Business","525000","International Business"
"525030","African Business","525000","International Business"
"413000","Film and Television Studies","4","Cultural and Media Studies"
"414000","British Film Institute","4","Cultural and Media Studies"
"419000","Cultural Heritage","4","Cultural and Media Studies"
"421000","Printing and Publishing","4","Cultural and Media Studies"
"417000","Music","4","Cultural and Media Studies"
"416000","Arts","4","Cultural and Media Studies"
"411000","Regional and Cultural Studies","4","Cultural and Media Studies"
"422000","Library Science","4","Cultural and Media Studies"
"418000","Photography","4","Cultural and Media Studies"
"415000","Theatre and Performance Studies","4","Cultural and Media Studies"
"412000","Media Studies","4","Cultural and Media Studies"
"400000","Cultural and Media Studies, general","4","Cultural and Media Studies"
"514000","Entrepreneurship","5","Business and Management"
"518000","Innovation/Technology Management","5","Business and Management"
"511000","Accounting/Auditing","5","Business and Management"
"523000","Business Mathematics","5","Business and Management"
"513000","Marketing","5","Business and Management"
"525000","International Business","5","Business and Management"
"521000","Operation Research/Decision Theory","5","Business and Management"
"522000","IT in Business","5","Business and Management"
"512000","Business Finance","5","Business and Management"
"515000","Management","5","Business and Management"
"519000","Operations Management","5","Business and Management"
"526000","Business Ethics","5","Business and Management"
"527000","Industries","5","Business and Management"
"528000","Corporate Environmental Management","5","Business and Management"
"529000","Business Law","5","Business and Management"
"524000","Sales/Distribution","5","Business and Management"
"516000","Organization","5","Business and Management"
"517000","Human Resource Management","5","Business and Management"
"500000","Business and Management, general","5","Business and Management"
"621000","Financial Engineering","6","Finance"
"617000","Financial History","6","Finance"
"616000","Capital Markets","6","Finance"
"612000","Corporate Finance","6","Finance"
"611000","Public Finance","6","Finance"
"600000","Finance, general","6","Finance"
"626000","Financial Services","6","Finance"
"625000","Development Finance","6","Finance"
"624000","International Finance","6","Finance"
"623000","Behavioral Finance","6","Finance"
"613000","Banking","6","Finance"
"622000","Wealth Management/Pension Planning","6","Finance"
"818000","Medieval Literature","8","Literature"
"819000","Eighteenth-Century Literature","8","Literature"
"821000","Nineteenth-Century Literature","8","Literature"
"822000","Twentieth-Century Literature","8","Literature"
"823000","Children's Literature","8","Literature"
"824000","Poetry and Poetics","8","Literature"
"825000","Fiction","8","Literature"
"826000","Creative Writing","8","Literature"
"827000","Literature and Technology/Media","8","Literature"
"828000","Translation Studies","8","Literature"
"829000","African Literature","8","Literature"
"831000","Asian Literature","8","Literature"
"832000","European Literature","8","Literature"
"833000","British and Irish Literature","8","Literature"
"834000","North American Literature","8","Literature"
"835000","Middle Eastern Literature","8","Literature"
"836000","Digital Humanities","8","Literature"
"837000","Postmodern Literature","8","Literature"
"840000","German Literature","8","Literature"
"811000","Comparative Literature","8","Literature"
"838000","Postcolonial/World Literature","8","Literature"
"800000","Literature, general","8","Literature"
"812000","Literary Theory","8","Literature"
"813000","Literary History","8","Literature"
"814000","History of the Book","8","Literature"
"815000","Contemporary Literature","8","Literature"
"816000","Classical and Antique Literature","8","Literature"
"817000","Early Modern/Renaissance Literature","8","Literature"
"913000","Development Studies","9","Political Science and International Relations"
"912000","International Relations","9","Political Science and International Relations"
"911000","Political Science","9","Political Science and International Relations"
"900000","Political Science and International Relations, general","9","Political Science and International Relations"
"1A8000","Social Aspects of Religion","1A","Religious Studies"
"1A9000","Spirituality","1A","Religious Studies"
"1A7000","History of Religion","1A","Religious Studies"
"1A6000","Judaism","1A","Religious Studies"
"1A5000","Islam","1A","Religious Studies"
"1A4000","Hinduism","1A","Religious Studies"
"1A3000","Christianity ","1A","Religious Studies"
"1A2000","Buddhism","1A","Religious Studies"
"1A0000","Religious Studies, general","1A","Religious Studies"
"1A1000","Comparative Religion","1A","Religious Studies"
"E44080","Postcolonial Philosophy","E44000","Philosophical Traditions"
"E44050","Hermeneutics","E44000","Philosophical Traditions"
"E44040","German Idealism","E44000","Philosophical Traditions"
"E44030","Feminism","E44000","Philosophical Traditions"
"E44020","Existentialism","E44000","Philosophical Traditions"
"E44010","Critical Theory","E44000","Philosophical Traditions"
"E44070","Phenomenology","E44000","Philosophical Traditions"
"E44060","Non-Western Philosophy","E44000","Philosophical Traditions"
"W45020","African Economics","W45000","Economy-wide Country Studies"
"W45060","North American Economics","W45000","Economy-wide Country Studies"
"W45010","Asian Economics","W45000","Economy-wide Country Studies"
"W45050","Middle Eastern and North African Economics","W45000","Economy-wide Country Studies"
"W45040","Latin American and Caribbean Economics","W45000","Economy-wide Country Studies"
"W45030","European Economics","W45000","Economy-wide Country Studies"
"X32050","Regional Development","X32000","Development Studies"
"X32040","Poverty, Aid and Development","X32000","Development Studies"
"X33060","Social Care","X33000","Social Policy"
"X33070","Social Justice, Equality and Human Rights","X33000","Social Policy"
"X33080","Social Work and Community Development","X33000","Social Policy"
"X33040","Environmental Policy","X33000","Social Policy"
"X33030","Education Policy","X33000","Social Policy"
"X33020","Comparative Social Policy","X33000","Social Policy"
"X33010","Children, Youth and Family Policy","X33000","Social Policy"
"X33050","Politics of the Welfare State","X33000","Social Policy"
"412030","Journalism and Broadcasting","412000","Media Studies"
"412010","Media and Communication","412000","Media Studies"
"412040","Digital/New Media","412000","Media Studies"
"412050","Environmental Communication","412000","Media Studies"
"412060","Development Communication","412000","Media Studies"
"412070","Media Policy","412000","Media Studies"
"412020","Social Media","412000","Media Studies"
"413080","Directing","413000","Film and Television Studies"
"413090","Film Theory ","413000","Film and Television Studies"
"413110","Genre ","413000","Film and Television Studies"
"413120","Latin American Cinema","413000","Film and Television Studies"
"413070","Film History","413000","Film and Television Studies"
"413060","European Cinema","413000","Film and Television Studies"
"413050","Documentary","413000","Film and Television Studies"
"413040","British Cinema","413000","Film and Television Studies"
"413030","Asian Cinema","413000","Film and Television Studies"
"413020","Animation","413000","Film and Television Studies"
"413010","American Cinema","413000","Film and Television Studies"
"413140","Screenwriting","413000","Film and Television Studies"
"413240","Global Cinema","413000","Film and Television Studies"
"413230","African Cinema","413000","Film and Television Studies"
"413220","Australasian Cinema","413000","Film and Television Studies"
"413210","Queer Cinema","413000","Film and Television Studies"
"413190","Audio-Visual Culture","413000","Film and Television Studies"
"413180","Movie and TV Adaptations","413000","Film and Television Studies"
"413170","Film/TV Industry","413000","Film and Television Studies"
"413160","Film/TV Technology","413000","Film and Television Studies"
"413150","Film Production","413000","Film and Television Studies"
"413250","Close Reading","413000","Film and Television Studies"
"413130","Screen Performance","413000","Film and Television Studies"
"414010","BFI Film Classics ","414000","British Film Institute"
"415090","Performers and Practicioners","415000","Theatre and Performance Studies"
"415110","Theatre Industry","415000","Theatre and Performance Studies"
"415070","Global/International Theatre and Performance","415000","Theatre and Performance Studies"
"415080","National/Regional Theatre and Performance","415000","Theatre and Performance Studies"
"415030","Performing Arts","415000","Theatre and Performance Studies"
"415020","Dance","415000","Theatre and Performance Studies"
"415010","Theatre History","415000","Theatre and Performance Studies"
"415060","Technology and Stagecraft","415000","Theatre and Performance Studies"
"415050","Theatre Direction and Production","415000","Theatre and Performance Studies"
"415040","Contemporary Theatre","415000","Theatre and Performance Studies"
"415120","Applied Theatre","415000","Theatre and Performance Studies"
"515040","Sustainability Management","515000","Management"
"515030","Knowledge Management","515000","Management"
"515010","Business Strategy/Leadership","515000","Management"
"515020","Project Management","515000","Management"
"519020","Logistics","519000","Operations Management"
"519010","Production","519000","Operations Management"
"519040","Procurement","519000","Operations Management"
"519030","Supply Chain Management","519000","Operations Management"
"526010","Corporate Social Responsibility","526000","Business Ethics"
"526020","Non-Profit Enterprises","526000","Business Ethics"
"526030","Faith, Spirituality and Business","526000","Business Ethics"
"527070","Office Management","527000","Industries"
"527040","Real Estate Management","527000","Industries"
"527110","Luxury","527000","Industries"
"527090","Non-Profit Organizations and Public Enterprises","527000","Industries"
"527080","Automotive Industry","527000","Industries"
"527060","Business Consulting","527000","Industries"
"527020","Services","527000","Industries"
"527030","Health Care Management","527000","Industries"
"527010","Non-Profit Enterprises","527000","Industries"
"527050","Tourism Management","527000","Industries"
"612040","Risk Management","612000","Corporate Finance"
"612030","Investment Appraisal","612000","Corporate Finance"
"612020","Financial Engineering","612000","Corporate Finance"
"612010","Financial Accounting","612000","Corporate Finance"
"617010","Financial Crises","617000","Financial History"
"726000","Legal History","7","History"
"727000","Urban History","7","History"
"729000","Intellectual Studies","7","History"
"711000","Historiography and Method","7","History"
"712000","Ancient History","7","History"
"713000","Modern History","7","History"
"714000","African History","7","History"
"715000","Asian History","7","History"
"716000","Australasian History","7","History"
"717000","European History","7","History"
"718000","History of the Americas","7","History"
"719000","World History, Global and Transnational History","7","History"
"721000","History of Military ","7","History"
"722000","Imperialism and Colonialism","7","History"
"723000","Cultural History","7","History"
"724000","Social History","7","History"
"725000","Labor History","7","History"
"731000","History of Science","7","History"
"728000","Classical Studies","7","History"
"700000","History, general","7","History"
"711010","Memory Studies","711000","Historiography and Method"
"711020","Oral History","711000","Historiography and Method"
"711030","Philosophy of History","711000","Historiography and Method"
"714020","History of Sub-Saharan Africa","714000","African History"
"714010","History of North Africa","714000","African History"
"715060","History of the Middle East","715000","Asian History"
"715050","History of Southeast Asia","715000","Asian History"
"715040","History of South Asia ","715000","Asian History"
"715030","History of Korea","715000","Asian History"
"715020","History of Japan","715000","Asian History"
"715010","History of China","715000","Asian History"
"717050","History of Italy","717000","European History"
"717060","History of Germany and Central Europe","717000","European History"
"717010","History of Ancient Europe","717000","European History"
"717020","History of Britain and Ireland","717000","European History"
"717030","History of Early Modern Europe","717000","European History"
"717040","History of France","717000","European History"
"717110","History of World War II and the Holocaust","717000","European History"
"717090","Russian, Soviet, and East European History","717000","European History"
"717080","History of Modern Europe","717000","European History"
"717070","History of Medieval Europe","717000","European History"
"718020","Latin American History","718000","History of the Americas"
"718010","US History","718000","History of the Americas"
"839000","Drama","800000","Literature, general"
"817010","Shakespeare","817000","Early Modern/Renaissance Literature"
"825010","Gothic Fiction","825000","Fiction"
"838010","Latin American/Caribbean Literature","838000","Postcolonial/World Literature"
"1A3010","Black Theology","1A3000","Christianity "
"1A3140","Biblical Studies","1A3000","Christianity "
"1A3130","Methodism","1A3000","Christianity "
"1A3120","Catholicism","1A3000","Christianity "
"1A3110","Evangelicalism and Pentecostalism","1A3000","Christianity "
"1A3090","Anglicanism","1A3000","Christianity "
"1A3080","Protestantism and Lutheranism","1A3000","Christianity "
"1A3070","Ecumenical Studies","1A3000","Christianity "
"1A3150","Christian Theology","1A3000","Christianity "
"1A3020","Feminist Theology","1A3000","Christianity "
"1A3030","Liberation Theology","1A3000","Christianity "
"1A3040","Ecclesiology","1A3000","Christianity "
"1A3050","Eschatology","1A3000","Christianity "
"1A3060","Eastern Orthodoxy","1A3000","Christianity "
"1A4010","Hindu Theology","1A4000","Hinduism"
"1A5010","Islamic Theology","1A5000","Islam"
"1A6020","Jewish Cultural Studies","1A6000","Judaism"
"1A6010","Jewish Theology","1A6000","Judaism"
"1A8040","Secularism","1A8000","Social Aspects of Religion"
"1A8030","Religion and Gender","1A8000","Social Aspects of Religion"
"1A8020","Religion and Society","1A8000","Social Aspects of Religion"
"1A8010","Religion and Health","1A8000","Social Aspects of Religion"
"G38010","Mineral Resources","G38000","Mineralogy"
"I28050","Mobile and Network Security","I28000","Security"
"I28040","Principles and Models of Security","I28000","Security"
"I28010","Privacy","I28000","Security"
"I28030","Security Services","I28000","Security"
"I28020","Cryptology","I28000","Security"
"I28070","Computer Crime","I28000","Security"
"I28060","Systems and Data Security","I28000","Security"
"I29090","Open Source","I29000","Professional Computing"
"I29110","Servers","I29000","Professional Computing"
"I29080","Python","I29000","Professional Computing"
"I29070","Java","I29000","Professional Computing"
"I29060","Mobile Computing","I29000","Professional Computing"
"I29050","Web Development","I29000","Professional Computing"
"I29040","Game Development","I29000","Professional Computing"
"I29030","Microsoft and .NET","I29000","Professional Computing"
"I29120","Big Data","I29000","Professional Computing"
"I29010","Hardware and Maker","I29000","Professional Computing"
"I29020","Apple and iOS","I29000","Professional Computing"
"O53050","Writing Skills","O53000","Skills"
"O53060","Research Skills","O53000","Skills"
"O53070","Groupwork and Presentation","O53000","Skills"
"O53080","Thesis and Dissertation","O53000","Skills"
"O53090","Revision and Exam","O53000","Skills"
"O53010","Study and Learning Skills","O53000","Skills"
"O53100","Studying abroad","O53000","Skills"
"O53040","Life Skills","O53000","Skills"
"O53030","Critical Thinking","O53000","Skills"
"O53020","Career Skills","O53000","Skills"
"W53010","Institutional/Evolutionary Economics","W53000","Heterodox Economics"
"X35030","Men's Studies","X35000","Gender Studies"
"X35040","Women's Studies","X35000","Gender Studies"
"X35020","Queer Theory","X35000","Gender Studies"
"X35010","Gender and Sexuality","X35000","Gender Studies"
"626010","Banking","626000","Financial Services"
"626020","Investments and Securities","626000","Financial Services"
"626030","Insurance","626000","Financial Services"
"626040","Islamic Finance","626000","Financial Services"
"913020","Development Policy","913000","Development Studies"
"913010","Development Theory","913000","Development Studies"
"913030","Development and Social Change","913000","Development Studies"
"913040","Poverty, Aid and Development","913000","Development Studies"
"913110","Sustainable Development","913000","Development Studies"
"913060","Development and Health","913000","Development Studies"
"913070","Development and Post-Colonialism","913000","Development Studies"
"913080","Development and Gender","913000","Development Studies"
"913090","Development and Children","913000","Development Studies"
"913050","Regional Development","913000","Development Studies"
"1B1000","Critical Criminology","1B","Criminology and Criminal Justice"
"1B0000","Criminology and Criminal Justice, general","1B","Criminology and Criminal Justice"
"1B7000","Cybercrime","1B","Criminology and Criminal Justice"
"1BG000","Criminal Behavior","1B","Criminology and Criminal Justice"
"1BF000","Research Methods in Criminology","1B","Criminology and Criminal Justice"
"1BE000","Crime Control and Security","1B","Criminology and Criminal Justice"
"1BD000","White Collar Crime","1B","Criminology and Criminal Justice"
"1BC000","Asian Criminology","1B","Criminology and Criminal Justice"
"1BB000","Socio-legal Studies","1B","Criminology and Criminal Justice"
"1BA000","Crime and the Media","1B","Criminology and Criminal Justice"
"1B9000","Prison and Punishment","1B","Criminology and Criminal Justice"
"1B8000","Organized Crime","1B","Criminology and Criminal Justice"
"1B6000","Criminological Theory","1B","Criminology and Criminal Justice"
"1B5000","Youth Offending and Juvenile Justice","1B","Criminology and Criminal Justice"
"1B4000","Transnational Crime","1B","Criminology and Criminal Justice"
"1B3000","Crime and Society","1B","Criminology and Criminal Justice"
"1B2000","Policing","1B","Criminology and Criminal Justice"
"1B1010","Hate Studies","1B1000","Critical Criminology"
"1B1020","Green Criminology","1B1000","Critical Criminology"
"1B1030","Ethnicity, Class, Gender and Crime","1B1000","Critical Criminology"
"1B1040","Victimology","1B1000","Critical Criminology"
"1B4030","Trafficking","1B4000","Transnational Crime"
"1B4020","War Crimes","1B4000","Transnational Crime"
"1B4010","State Crimes","1B4000","Transnational Crime"
"1B9040","Prison Policy","1B9000","Prison and Punishment"
"1B9030","Recidivism","1B9000","Prison and Punishment"
"1B9010","Probation","1B9000","Prison and Punishment"
"1B9020","Rehabilitation","1B9000","Prison and Punishment"
"1BB020","Human Rights and Crime","1BB000","Socio-legal Studies"
"1BB030","Gender, Sexuality and Law","1BB000","Socio-legal Studies"
"1BB040","Juries and Criminal Trials","1BB000","Socio-legal Studies"
"1BB010","Criminal Justice","1BB000","Socio-legal Studies"
"1BD010","Financial Crime","1BD000","White Collar Crime"
"1BD020","Corporate Crime","1BD000","White Collar Crime"
"1BE020","Terrorism","1BE000","Crime Control and Security"
"1BE010","Crime Prevention","1BE000","Crime Control and Security"
"1BF010","Quantitative Criminology","1BF000","Research Methods in Criminology"
"1BG030","Biosocial Criminology","1BG000","Criminal Behavior"
"1BG020","Sexual Offending","1BG000","Criminal Behavior"
"1BG010","Violence and Crime","1BG000","Criminal Behavior"
"J22010","Historical Geography","J22000","Cultural Geography"
"L32020","Plant Genetics and Genomics","L32000","Genetics and Genomics"
"L32010","Microbial Genetics and Genomics","L32000","Genetics and Genomics"
"L32030","Animal Genetics and Genomics","L32000","Genetics and Genomics"
"L33030","Animal Physiology","L33000","Physiology"
"L33020","Plant Physiology","L33000","Physiology"
"L33010","Cell Physiology","L33000","Physiology"
"S17010","Statistics for Business/Economics/Mathematical Finance/Insurance","S17000","Applied Statistics"
"S17040","Statistics for Social Science, Behavorial Science, Education, Public Policy, and Law","S17000","Applied Statistics"
"S17030","Statistics for Life Sciences, Medicine, Health Sciences","S17000","Applied Statistics"
"S17020","Statistics for Engineering, Physics, Computer Science, Chemistry and Earth Sciences","S17000","Applied Statistics"
"X38020","Gender-related Development","X38000","Development Studies"
"X38030","Child Development","X38000","Development Studies"
"X38010","Public Health Development","X38000","Development Studies"
"X38040","Poverty, Aid and Development","X38000","Development Studies"
"I21010","Machine Learning","I21000","Artificial Intelligence"
"I21020","Logic in AI","I21000","Artificial Intelligence"
"I21030","Knowledge based Systems","I21000","Artificial Intelligence"
"I21040","Natural Language Processing (NLP)","I21000","Artificial Intelligence"
"I21060","Multiagent Systems","I21000","Artificial Intelligence"
"I21050","Robotics","I21000","Artificial Intelligence"
